<?xml version="1.0" encoding="UTF-8"?>

<mule xmlns:email="http://www.mulesoft.org/schema/mule/email" xmlns:ee="http://www.mulesoft.org/schema/mule/ee/core"
	xmlns:file="http://www.mulesoft.org/schema/mule/file"
	xmlns="http://www.mulesoft.org/schema/mule/core" xmlns:doc="http://www.mulesoft.org/schema/mule/documentation" xmlns:xsi="http://www.w3.org/2001/XMLSchema-instance" xsi:schemaLocation="http://www.mulesoft.org/schema/mule/core http://www.mulesoft.org/schema/mule/core/current/mule.xsd
http://www.mulesoft.org/schema/mule/file http://www.mulesoft.org/schema/mule/file/current/mule-file.xsd
http://www.mulesoft.org/schema/mule/ee/core http://www.mulesoft.org/schema/mule/ee/core/current/mule-ee.xsd
http://www.mulesoft.org/schema/mule/email http://www.mulesoft.org/schema/mule/email/current/mule-email.xsd">
	<file:config name="File_Config" doc:name="File Config" doc:id="9364b66f-5561-496c-af3e-6c4199dc054c" >
		<file:connection workingDir="C:\Users\Shrutika MK Dawat\Desktop\Temp" />
	</file:config>
	<email:smtp-config name="Email_SMTP" doc:name="Email SMTP" doc:id="c9faf7c1-ec4f-4af9-9b7e-6ccd816b2755" >
		<email:smtp-connection host="smtp.gmail.com" user="skarre87@gmail.com" password="DeadmanAlive@12#" >
			<email:properties >
				<email:property key="mail.smtp.starttls.enable" value="true" />
			</email:properties>
		</email:smtp-connection>
	</email:smtp-config>
	<email:imap-config name="Email_IMAP" doc:name="Email IMAP" doc:id="67db7d1a-eedf-4efd-b3d1-3cf4c5c0fd5d" >
		<email:imap-connection host="smtp.gmail.com" user="skarre87@gmail.com" password="DeadmanAlive@12#" />
	</email:imap-config>
	<flow name="sending-a-csv-file-through-email-smtpFlow" doc:id="3e4ab58f-790d-45b6-be30-1cf2d69a85aa" >
		<scheduler doc:name="Scheduler" doc:id="bace2f59-3bc4-4301-a49f-066073f48d31" >
			<scheduling-strategy >
				<fixed-frequency frequency="10000"/>
			</scheduling-strategy>
		</scheduler>
		<file:read doc:name="Read" doc:id="2ce2f42b-5756-4a11-b81a-75d06bfcada0" config-ref="File_Config" path="C:\Users\Shrutika MK Dawat\Desktop\Temp\Input\studendetails.csv"/>
		<ee:transform doc:name="Transform Message" doc:id="4f0a6307-47a7-4ab2-aa21-f2c44439264f" >
			<ee:message >
				<ee:set-payload ><![CDATA[%dw 2.0
output application/json
---
payload map(item,index) ->({
	Name: item.firstname,
	LastName: item.lastname,
	Department: item.department
})]]></ee:set-payload>
			</ee:message>
		</ee:transform>
		<email:send doc:name="Send" doc:id="0197a439-efcb-4920-af5f-737d7044a594" config-ref="Email_SMTP" fromAddress="skarre87@gmail.com" subject="SMTP Mail Setup">
			<email:to-addresses >
				<email:to-address value="sushant.karre@apisero.com" />
			</email:to-addresses>
		</email:send>
		<logger level="INFO" doc:name="Logger" doc:id="609a2c45-201c-4f0d-b86f-dea388997c79" message="***Mail Sent***"/>
		<logger level="INFO" doc:name="Logger" doc:id="bcb887fc-0968-4d6d-b51b-3e551a437995" message="#[payload]"/>
	</flow>
</mule>
