<?xml version='1.0' encoding='UTF-8'?>
<types:mule xmlns:types="http://www.mulesoft.org/schema/mule/types">
  <types:catalog>
    <types:type name="CSvfile" format="csv">
      <types:shape format="weave" example="examples/studendetails.csv"><![CDATA[%dw 2.0

type CSvfile = Array<{|  firstname: String,   lastname: String,   department: String|}> {"isQuotedString": "false",
"header": "true",
"headerLineNumber": "0"}

]]></types:shape>
      <types:properties>
        <types:property name="headerLineNumber" value="0"/>
        <types:property name="header" value="true"/>
        <types:property name="isQuotedString" value="false"/>
      </types:properties>
    </types:type>
  </types:catalog>
  <types:enrichment select="#4f0a6307-47a7-4ab2-aa21-f2c44439264f">
    <types:processor-declaration>
      <types:input-event>
        <types:message>
          <types:payload type="CSvfile"/>
        </types:message>
      </types:input-event>
    </types:processor-declaration>
  </types:enrichment>
</types:mule>